ec5_branch_owner_uuid,ec5_branch_uuid,created_at,uploaded_at,created_by,title,43_Species,44_Height_in_m,45_Diameter_in_m,46_Canopy_start_heig,47_Number,49_GBH,50_Other_species_nam,51_Photo
207b24a2-c855-48e4-967e-8d9f91a3321e,65fac092-24ae-4023-be0a-420b37436632,2024-03-26T13:32:35.000Z,2024-03-26T14:29:54.000Z,kajalsinghhh.07@gmail.com,Ker / Capparis decidua 2.1 1.6,Ker / Capparis decidua,2.1,1.6,0.5,8,,,
6c7e8ab8-f013-4a9e-99ea-dfdbecb13ca8,d1258a63-eaf3-4089-8f2e-871dbd883e9e,2024-03-26T13:20:43.000Z,2024-03-26T14:29:28.000Z,kajalsinghhh.07@gmail.com,Ker / Capparis decidua 2 1.5,Ker / Capparis decidua,2,1.5,0.2,7,,,
f8850eee-e597-4755-9d83-596e88520d23,80a19c6f-5f66-4bf6-a3d6-20b682784b94,2024-03-26T13:07:58.000Z,2024-03-26T14:29:01.000Z,kajalsinghhh.07@gmail.com,Ker / Capparis decidua 2.3 1.5,Ker / Capparis decidua,2.3,1.5,0.5,4,,,
7dc4aacf-ac5a-4d56-aeec-1b4afe79bf0b,e8f5d1c7-84ee-4145-8197-62df52b7ce71,2024-03-26T12:58:17.000Z,2024-03-27T05:24:46.000Z,mihir.au.jadhav@gmail.com,Ker / Capparis decidua 2 1.6,Ker / Capparis decidua,2,1.6,1,1,,,
800033bd-10c7-4f88-a523-2fefe6a55ed3,9a6e1dd7-2ab4-4b56-a700-a59e7dc19336,2024-03-26T12:36:36.000Z,2024-03-26T14:28:28.000Z,kajalsinghhh.07@gmail.com,Ker / Capparis decidua 2.1 1.5,Ker / Capparis decidua,2.1,1.5,0.8,3,,,
385e3677-b1f5-40b7-8872-50bc68bdb667,53d1bd81-e500-4abb-b11c-a24bcd7b2a88,2024-03-26T12:34:26.000Z,2024-03-27T05:24:26.000Z,mihir.au.jadhav@gmail.com,Ker / Capparis decidua 3.2 2,Ker / Capparis decidua,3.2,2,1.7,4,,,
ffd75faf-dc86-4cc8-bbcd-604b16f43d41,644a1534-e469-4052-bafb-ffaf5e73b90f,2024-03-26T12:21:50.000Z,2024-03-26T14:27:57.000Z,kajalsinghhh.07@gmail.com,Kheemp / Leptadenia pyrotechnica 2.1 1.5,Kheemp / Leptadenia pyrotechnica,2.1,1.5,0.2,10,,,
fb6b5006-c3dc-47b3-b718-76dbea8cbd38,a50f4230-c9d9-4474-8aa7-0c75101e236f,2024-03-26T12:18:16.000Z,2024-03-27T05:23:56.000Z,mihir.au.jadhav@gmail.com,Ker / Capparis decidua 3 1.5,Ker / Capparis decidua,3,1.5,1.2,4,,,
a6a0d40b-bf1b-4a4d-a48b-b990108a925b,19dbacc4-4fe7-4bf4-9080-726b2ac43389,2024-03-26T12:06:51.000Z,2024-03-26T14:27:26.000Z,kajalsinghhh.07@gmail.com,Ber / Ziziphus nummularia 2 0.8,Ber / Ziziphus nummularia,2,0.8,0.1,1,,,
a6a0d40b-bf1b-4a4d-a48b-b990108a925b,37ddd703-2eba-4729-8429-8c07241116f3,2024-03-26T12:06:26.000Z,2024-03-26T14:27:24.000Z,kajalsinghhh.07@gmail.com,Ker / Capparis decidua 2.1 1.5,Ker / Capparis decidua,2.1,1.5,0.2,5,,,
2c8d79c4-b87e-4ecc-bc99-280b6b46f82c,359d924d-ceb8-4d4b-97d5-ef4ad010b1ad,2024-03-26T11:57:23.000Z,2024-03-27T05:23:22.000Z,mihir.au.jadhav@gmail.com,Ber / Ziziphus nummularia 2 1.5,Ber / Ziziphus nummularia,2,1.5,1,1,,,
2c8d79c4-b87e-4ecc-bc99-280b6b46f82c,e81b8167-be02-4033-b42c-5f92e2496953,2024-03-26T11:57:04.000Z,2024-03-27T05:23:20.000Z,mihir.au.jadhav@gmail.com,Ker / Capparis decidua 3 2,Ker / Capparis decidua,3,2,1.5,8,,,
d5bcce99-a1db-4060-bc6b-2aff111b479c,d262b48e-4ed0-4208-a8df-2cdb266a7f6e,2024-03-26T11:50:59.000Z,2024-03-26T14:26:57.000Z,kajalsinghhh.07@gmail.com,Kheemp / Leptadenia pyrotechnica 2 0.5,Kheemp / Leptadenia pyrotechnica,2,0.5,0.1,9,,,
704a1a2d-d75d-44d4-8b6d-f80fab76b805,e66c2fe8-5237-4836-8f03-2ebd3d4d9354,2024-03-26T06:13:49.000Z,2024-03-26T14:26:34.000Z,kajalsinghhh.07@gmail.com,Ker / Capparis decidua 2 1,Ker / Capparis decidua,2,1,0.1,3,,,
ea8eec43-951f-4b93-a82f-03b0da80541e,c61b98b1-5470-414e-965a-ddb85437f986,2024-03-26T06:13:17.000Z,2024-03-27T05:23:03.000Z,mihir.au.jadhav@gmail.com,Ker / Capparis decidua 2.5 1.6,Ker / Capparis decidua,2.5,1.6,1.2,10,,,
6a1ab358-c8c2-456e-8a18-e579868546be,e862b2b9-d53d-4b9b-9bfb-cf96a6ca06ed,2024-03-26T06:02:55.000Z,2024-03-26T14:26:20.000Z,kajalsinghhh.07@gmail.com,Ker / Capparis decidua 2 0.5,Ker / Capparis decidua,2,0.5,0.1,1,,,
6a1ab358-c8c2-456e-8a18-e579868546be,723debf2-522d-4b33-8e4c-2d86dd1b10d9,2024-03-26T06:02:34.000Z,2024-03-26T14:26:18.000Z,kajalsinghhh.07@gmail.com,Ber / Ziziphus nummularia 2.2 1,Ber / Ziziphus nummularia,2.2,1,0.5,8,,,
6e247250-daa2-4425-a6ba-6b8ad7125ba5,4a9b79e8-a297-4824-ae58-bd6c2deefd11,2024-03-26T05:51:39.000Z,2024-03-27T05:22:36.000Z,mihir.au.jadhav@gmail.com,Ker / Capparis decidua 2.3 2,Ker / Capparis decidua,2.3,2,1,4,,,
8655c71a-7d91-400b-972a-2c56523f2a0c,c44a290b-4dd3-44f2-ae3d-3c8a58fb0bd4,2024-03-26T05:48:48.000Z,2024-03-26T14:26:03.000Z,kajalsinghhh.07@gmail.com,Aakh / Calotropis procera 2 0.9,Aakh / Calotropis procera,2,0.9,0.2,5,,,
8655c71a-7d91-400b-972a-2c56523f2a0c,5d08d627-042b-47c1-bd85-ae3ae0f5dbea,2024-03-26T05:48:21.000Z,2024-03-26T14:26:02.000Z,kajalsinghhh.07@gmail.com,Ker / Capparis decidua 2 0.8,Ker / Capparis decidua,2,0.8,0.2,2,,,
8aa4e742-9795-480b-a67d-bbe4df1f0c59,402ea751-39ef-424e-9f40-870638114fe6,2024-03-26T05:36:02.000Z,2024-03-26T14:25:48.000Z,kajalsinghhh.07@gmail.com,Ker / Capparis decidua 2 1,Ker / Capparis decidua,2,1,0.5,5,,,
24b38f3a-e68e-48ec-bf49-9e650a2089fa,f4c56351-bb5c-4390-828a-82fce2210e99,2024-03-26T05:24:37.000Z,2024-03-27T05:22:10.000Z,mihir.au.jadhav@gmail.com,Ker / Capparis decidua 2.5 2,Ker / Capparis decidua,2.5,2,1.5,6,,,
d7669666-5c90-44f2-bbf2-a0c3b4e707cd,0a5f323a-d0e6-4abc-9df5-4b6590140c06,2024-03-26T05:21:42.000Z,2024-03-27T05:21:56.000Z,mihir.au.jadhav@gmail.com,Ker / Capparis decidua 2 2,Ker / Capparis decidua,2,2,1,5,,,
0c37fdbe-9361-48d5-8f0f-84e1cd70f1c8,2b077a33-cd7b-4730-a211-60b87b4ada83,2024-03-26T05:20:32.000Z,2024-03-26T14:25:28.000Z,kajalsinghhh.07@gmail.com,Ker / Capparis decidua 2 1,Ker / Capparis decidua,2,1,0.2,4,,,
1ada7265-ac38-4728-b486-6a3d98acd858,99456986-b48f-4cbf-8ffd-08ee2c6d23e3,2024-03-26T05:06:48.000Z,2024-03-26T14:25:11.000Z,kajalsinghhh.07@gmail.com,Aakh / Calotropis procera 2 0.4,Aakh / Calotropis procera,2,0.4,0.2,10,,,
ff1c6964-1aa7-445a-9bf6-a76e5c989849,800b6d04-9874-4ac4-b589-37dc15b60e0f,2024-03-26T04:54:53.000Z,2024-03-27T05:21:40.000Z,mihir.au.jadhav@gmail.com,Ker / Capparis decidua 2.5 2,Ker / Capparis decidua,2.5,2,1.5,5,,,
74650ad5-418c-42b4-a303-5ab39388c586,e8c72796-d97e-4472-a412-e37ef19a7020,2024-03-26T04:53:09.000Z,2024-03-26T14:24:52.000Z,kajalsinghhh.07@gmail.com,Ker / Capparis decidua 2 1,Ker / Capparis decidua,2,1,1,1,,,
d59e6cd7-594f-4419-8d17-cacd9603e551,5d5fdabb-1e3f-4d0c-b3e3-428501378a33,2024-03-26T04:44:18.000Z,2024-03-27T05:21:25.000Z,mihir.au.jadhav@gmail.com,Ker / Capparis decidua 3 2,Ker / Capparis decidua,3,2,1.5,1,,,
49de85b6-870c-418d-acef-bfa9b4ba04e2,a4bc7c3a-6717-45d7-ab77-66a2d4a8bcc5,2024-03-26T04:39:44.000Z,2024-03-26T14:24:31.000Z,kajalsinghhh.07@gmail.com,Aakh / Calotropis procera 2 1,Aakh / Calotropis procera,2,1,0.2,6,,,
49de85b6-870c-418d-acef-bfa9b4ba04e2,65dea1dd-1156-4a8a-a35d-19733864829b,2024-03-26T04:39:25.000Z,2024-03-26T14:24:30.000Z,kajalsinghhh.07@gmail.com,Ber / Ziziphus nummularia 2 0.7,Ber / Ziziphus nummularia,2,0.7,1,4,,,
49de85b6-870c-418d-acef-bfa9b4ba04e2,db835bf8-58e1-406e-a8cb-c42e6a17d3ec,2024-03-26T04:38:59.000Z,2024-03-26T14:24:29.000Z,kajalsinghhh.07@gmail.com,Ker / Capparis decidua 2 1,Ker / Capparis decidua,2,1,0.7,1,,,
ec373b3f-cd71-4fc1-b76f-22db7e41a020,894f3d50-ad78-452a-89b5-cafbacc6da12,2024-03-26T04:00:06.000Z,2024-03-27T05:21:08.000Z,mihir.au.jadhav@gmail.com,Ber / Ziziphus nummularia 2 1.4,Ber / Ziziphus nummularia,2,1.4,1,3,,,
ec373b3f-cd71-4fc1-b76f-22db7e41a020,87807383-5da2-48e4-9730-1fdd9b057996,2024-03-26T03:58:25.000Z,2024-03-27T05:21:06.000Z,mihir.au.jadhav@gmail.com,Ker / Capparis decidua 3 2,Ker / Capparis decidua,3,2,1.6,1,,,
58917272-e917-4a2a-b7ec-ca3a95e30937,ab73a6af-d79a-494a-9710-2a98c0164cbd,2024-03-26T03:57:27.000Z,2024-03-26T14:24:15.000Z,kajalsinghhh.07@gmail.com,Ber / Ziziphus nummularia 2 0.1,Ber / Ziziphus nummularia,2,1,0.5,1,,,
58917272-e917-4a2a-b7ec-ca3a95e30937,444f7af2-648d-49f0-930b-82f8917d95db,2024-03-26T03:57:06.000Z,2024-03-26T14:24:14.000Z,kajalsinghhh.07@gmail.com,Ker / Capparis decidua 2 0.7,Ker / Capparis decidua,2,0.7,1,7,,,
ec373b3f-cd71-4fc1-b76f-22db7e41a020,bd101eb1-4392-4171-866c-895c02cc4786,2024-03-26T03:46:42.000Z,2024-03-27T05:21:05.000Z,mihir.au.jadhav@gmail.com,Ker / Capparis decidua 2 1.3,Ker / Capparis decidua,2,1.3,1,5,,,
dede77ec-ef5b-404e-847e-569fe319d109,021c7617-59dd-4c48-859c-51c3f642fe41,2024-03-26T03:45:59.000Z,2024-03-26T14:24:01.000Z,kajalsinghhh.07@gmail.com,Ker / Capparis decidua 2 0.5,Ker / Capparis decidua,2,0.5,0.8,2,,,
dede77ec-ef5b-404e-847e-569fe319d109,27f8de3e-7143-43c3-af56-2299d756f4b3,2024-03-26T03:45:35.000Z,2024-03-26T14:23:59.000Z,kajalsinghhh.07@gmail.com,Aakh / Calotropis procera 2 0.5,Aakh / Calotropis procera,2,0.5,0.8,4,,,
eaa31c88-f751-4964-aa78-d4c3adcac91b,eccbd0ca-807e-4387-85da-1da30748a112,2024-03-26T03:35:29.000Z,2024-03-27T05:20:49.000Z,mihir.au.jadhav@gmail.com,Ker / Capparis decidua 2 1.3,Ker / Capparis decidua,2,1.3,1,2,,,
eaa31c88-f751-4964-aa78-d4c3adcac91b,5ba7fef4-f95e-432c-aaf0-163d83f03a97,2024-03-26T03:35:00.000Z,2024-03-27T05:20:48.000Z,mihir.au.jadhav@gmail.com,Ker / Capparis decidua 3 2,Ker / Capparis decidua,3,2,1.5,3,,,
b6bf6e14-54d2-48fb-b038-270812365a36,9cca35b3-ff73-4a6a-8643-9d140e07a1bc,2024-03-26T03:32:04.000Z,2024-03-26T14:23:48.000Z,kajalsinghhh.07@gmail.com,Ber / Ziziphus nummularia 2.2 0.5,Ber / Ziziphus nummularia,2.2,0.5,0.5,2,,,
b6bf6e14-54d2-48fb-b038-270812365a36,b7046039-f812-43ba-89d0-11855c0514ee,2024-03-26T03:31:23.000Z,2024-03-26T14:23:46.000Z,kajalsinghhh.07@gmail.com,Ker / Capparis decidua 2 0.7,Ker / Capparis decidua,2,0.7,0.5,1,,,
41875f87-fc5e-4d7a-af60-4fb4ac7d34a7,6e11d050-0bed-4d18-908d-e7c08839ec40,2024-03-26T03:22:50.000Z,2024-03-27T05:20:35.000Z,mihir.au.jadhav@gmail.com,Ker / Capparis decidua 2 1,Ker / Capparis decidua,2,1,1,4,,,
d88a0ef9-24ef-4df5-a30b-6f8d0a3e22a8,9521229a-6215-4999-8b21-e8de40ab86b5,2024-03-26T03:18:24.000Z,2024-03-26T14:23:31.000Z,kajalsinghhh.07@gmail.com,Aakh / Calotropis procera 2 0.02,Aakh / Calotropis procera,2,0.2,0.2,2,,,
d88a0ef9-24ef-4df5-a30b-6f8d0a3e22a8,9d6ec383-75ad-4762-8e47-650d8a1e9bf8,2024-03-26T03:17:15.000Z,2024-03-26T14:23:29.000Z,kajalsinghhh.07@gmail.com,Ker / Capparis decidua 2.1 1.5,Ker / Capparis decidua,2.1,1.5,0.9,5,,,
2b3e07e9-6d47-4f1f-827c-225e8722a1ee,3174bac0-dfe4-4ed9-8192-7539bf42be97,2024-03-26T03:14:22.000Z,2024-03-27T05:20:20.000Z,mihir.au.jadhav@gmail.com,Ber / Ziziphus nummularia 2 1.7,Ber / Ziziphus nummularia,2,1.7,1,2,,,
2b3e07e9-6d47-4f1f-827c-225e8722a1ee,9381b030-a546-4cd1-8819-d0bbe450ae87,2024-03-26T03:13:45.000Z,2024-03-27T05:20:18.000Z,mihir.au.jadhav@gmail.com,Ker / Capparis decidua 2.6 1.5,Ker / Capparis decidua,2.6,1.5,1.5,5,,,
45fb637a-017d-4b0e-9162-4d40fc133b34,b5fc9cf1-3095-4aee-81c7-6eb18b2ef6e5,2024-03-26T03:02:28.000Z,2024-03-26T14:23:07.000Z,kajalsinghhh.07@gmail.com,Aakh / Calotropis procera 2 0.5,Aakh / Calotropis procera,2,0.5,1,2,,,
45fb637a-017d-4b0e-9162-4d40fc133b34,6a02f041-cbd3-4165-bc18-4efc61b0d749,2024-03-26T03:01:57.000Z,2024-03-26T14:23:05.000Z,kajalsinghhh.07@gmail.com,Ber / Ziziphus nummularia 2 0.8,Ber / Ziziphus nummularia,2,0.8,1,2,,,
45fb637a-017d-4b0e-9162-4d40fc133b34,71f90378-a4ff-45bf-bb17-4bbac808fb86,2024-03-26T03:01:34.000Z,2024-03-26T14:23:04.000Z,kajalsinghhh.07@gmail.com,Ker / Capparis decidua 2 1.5,Ker / Capparis decidua,2,1.5,0.8,1,,,
f8e5f004-32c4-459c-bfae-d2884b245c72,2ea51657-b842-49c3-ada1-d10142a611bd,2024-03-26T03:00:53.000Z,2024-03-27T05:20:00.000Z,mihir.au.jadhav@gmail.com,Ker / Capparis decidua 2.5 1.5,Ker / Capparis decidua,2.5,1.5,1,3,,,
dd1198ab-372d-4b80-933c-961b124a9602,63b58857-90fd-4fc3-8b9b-700520f81f90,2024-03-26T02:47:18.000Z,2024-03-26T14:22:32.000Z,kajalsinghhh.07@gmail.com,Kheemp / Leptadenia pyrotechnica 2 2,Kheemp / Leptadenia pyrotechnica,2,2,0.1,1,,,
dd1198ab-372d-4b80-933c-961b124a9602,21a4f95c-aa1f-4c18-98e2-336f94921cfb,2024-03-26T02:46:54.000Z,2024-03-26T14:22:30.000Z,kajalsinghhh.07@gmail.com,Ber / Ziziphus nummularia 2 1,Ber / Ziziphus nummularia,2,1,0.7,2,,,
dd1198ab-372d-4b80-933c-961b124a9602,1f084cbc-8dc8-45d1-be55-a16c84c53615,2024-03-26T02:46:17.000Z,2024-03-26T14:22:29.000Z,kajalsinghhh.07@gmail.com,Aakh / Calotropis procera 2 1,Aakh / Calotropis procera,2,1,1,8,,,
dd1198ab-372d-4b80-933c-961b124a9602,fe3ea657-b60b-4804-a1b7-446116f1544e,2024-03-26T02:45:41.000Z,2024-03-26T14:22:26.000Z,kajalsinghhh.07@gmail.com,Ker / Capparis decidua 2.5 1.7,Ker / Capparis decidua,2.5,1.7,0.5,4,,,
3d6e2127-2f8d-4e8c-a00e-6d1c07585ae1,582abc64-c0f6-4945-b891-0b62a7fc80bf,2024-03-26T02:42:01.000Z,2024-03-27T05:19:44.000Z,mihir.au.jadhav@gmail.com,Ker / Capparis decidua 2.2 1.2,Ker / Capparis decidua,2.2,1.2,1,1,,,
35cf9aa5-e193-40ac-a1cb-58d768c9e90a,c5188b73-d65c-4394-94a3-924d5dd8de21,2024-03-26T02:28:17.000Z,2024-03-27T05:19:27.000Z,mihir.au.jadhav@gmail.com,Ker / Capparis decidua 3 2,Ker / Capparis decidua,3,2,1.7,3,,,
ef398bd5-ee76-42d0-ba55-baf6cc30d0e3,90a850b2-0b4b-4153-bee0-8ddf57b2de63,2024-03-26T02:27:41.000Z,2024-03-26T14:22:11.000Z,kajalsinghhh.07@gmail.com,Ker / Capparis decidua 2 1.5,Ker / Capparis decidua,2,1.5,1,3,,,
62b3322a-8020-4d2f-a274-4da67eb6bbeb,d884bb39-e581-4fc0-894a-0aeefde67ba3,2024-03-26T02:16:52.000Z,2024-03-27T05:19:12.000Z,mihir.au.jadhav@gmail.com,Ber / Ziziphus nummularia 2 1,Ber / Ziziphus nummularia,2,1,1,1,,,
62b3322a-8020-4d2f-a274-4da67eb6bbeb,97cd21fb-7b06-4cbb-a6e5-9fa516d4f6ee,2024-03-26T02:16:25.000Z,2024-03-27T05:19:10.000Z,mihir.au.jadhav@gmail.com,Ker / Capparis decidua 2.5 1.5,Ker / Capparis decidua,2.5,1.5,1.2,3,,,
49c4ba7a-58a6-49c7-b19a-818e08df7e3c,80820962-8cf1-41ac-b643-a077ad493530,2024-03-26T02:13:12.000Z,2024-03-26T14:30:13.000Z,kajalsinghhh.07@gmail.com,Aakh / Calotropis procera 2.0 1.0,Aakh / Calotropis procera,2,1,1,7,,,
49c4ba7a-58a6-49c7-b19a-818e08df7e3c,b7a70cb9-afb3-45a7-a5a9-e556f9dba4e5,2024-03-26T02:12:14.000Z,2024-03-26T14:30:11.000Z,kajalsinghhh.07@gmail.com,Ker / Capparis decidua 2 1.5,Ker / Capparis decidua,2,1.5,1.5,3,,,
acc9e57f-d784-43a3-851b-37aa95f1549a,b74773b7-fc61-41d0-b6c2-c7b63fa774f3,2024-03-24T13:15:25.000Z,2024-03-27T05:18:53.000Z,mihir.au.jadhav@gmail.com,Ber / Ziziphus nummularia 2.5 2,Ber / Ziziphus nummularia,2.5,2,1.5,1,,,
acc9e57f-d784-43a3-851b-37aa95f1549a,e316c757-0771-4eb9-88eb-ce37de1c55ae,2024-03-24T13:10:02.000Z,2024-03-27T05:18:52.000Z,mihir.au.jadhav@gmail.com,Ker / Capparis decidua 2 2,Ker / Capparis decidua,2,1.4,1,1,,,
1e72f131-7c3c-4115-ab35-51ad7065dac3,d05c9f4a-26bb-45dd-a7b0-7a331dcf13d6,2024-03-24T12:45:23.000Z,2024-03-27T05:18:32.000Z,mihir.au.jadhav@gmail.com,Ker / Capparis decidua 2.5 2.5,Ker / Capparis decidua,2.5,1.5,1,15,,,
1c4befeb-6d4c-4db1-bf2d-cac302be5deb,bc201530-219f-4ba2-bb55-0c2c1df8ed93,2024-03-24T12:33:47.000Z,2024-03-27T05:18:19.000Z,mihir.au.jadhav@gmail.com,Ker / Capparis decidua 3 2,Ker / Capparis decidua,3,2,1.5,6,,,
2d87273f-3c70-4276-b6cd-6c0b9b83d67a,f93523f3-e831-4a9a-b57d-53d347a7b9f1,2024-03-24T12:27:12.000Z,2024-03-27T05:18:02.000Z,mihir.au.jadhav@gmail.com,Ker / Capparis decidua 2 2,Ker / Capparis decidua,2,2,1.5,4,,,
42b29897-0aaa-4a61-9290-8f541eb3663b,4269e20f-f8ff-4784-8b5d-09c8f98088bf,2024-03-24T12:10:05.000Z,2024-03-27T05:17:44.000Z,mihir.au.jadhav@gmail.com,Ker / Capparis decidua 2 2,Ker / Capparis decidua,2,2,1,2,,,
1626ba22-9414-4644-bc5c-25d8a52da2d3,4b614656-d38b-46a9-9b6c-d146ebd02758,2024-03-24T11:46:02.000Z,2024-03-27T05:17:30.000Z,mihir.au.jadhav@gmail.com,Ker / Capparis decidua 3 4,Ker / Capparis decidua,3,1.4,1.5,6,,,
291ad59a-1b43-4403-98f7-c84ec0bbef9c,438d2ee2-b5ed-422e-b1c0-8c6d23293eac,2024-03-24T11:32:35.000Z,2024-03-27T05:17:09.000Z,mihir.au.jadhav@gmail.com,Ber / Ziziphus nummularia 2 4,Ber / Ziziphus nummularia,2,1.4,1,3,,,
291ad59a-1b43-4403-98f7-c84ec0bbef9c,4332efec-90fb-4876-b221-e9a78f110c23,2024-03-24T11:31:51.000Z,2024-03-27T05:17:07.000Z,mihir.au.jadhav@gmail.com,Ker / Capparis decidua 3 5.5,Ker / Capparis decidua,3,1.8,1.5,4,,,
291ad59a-1b43-4403-98f7-c84ec0bbef9c,1530e256-ee05-4753-a2dd-6a46044f3f8d,2024-03-24T11:30:00.000Z,2024-03-27T05:17:06.000Z,mihir.au.jadhav@gmail.com,Ber / Ziziphus nummularia 4 12,Ber / Ziziphus nummularia,4,5,2,1,,,
15d78208-2523-4986-9d67-9e1b247fdfba,5a8f3f91-eb28-4b67-bb5d-1a4e099d5ec0,2024-03-24T11:19:16.000Z,2024-03-27T05:16:49.000Z,mihir.au.jadhav@gmail.com,Ker / Capparis decidua 3 5,Ker / Capparis decidua,3,1.4,1.4,5,,,
d9f0b192-0e9e-4d61-a8f0-41a1503b4499,14af4007-4162-4849-8812-d2bc75dfc9ee,2024-03-24T11:06:07.000Z,2024-03-27T05:16:31.000Z,mihir.au.jadhav@gmail.com,Ker / Capparis decidua 2.5 4,Ker / Capparis decidua,2.5,1.7,1.5,2,,,
a06409ce-accc-4fb1-8281-08b2e9d18dc4,0b1f8a2b-94a1-467e-aecd-51bdcb2c4cd3,2024-03-24T04:00:46.000Z,2024-03-27T05:16:13.000Z,mihir.au.jadhav@gmail.com,Ker / Capparis decidua 2.5 4.5,Ker / Capparis decidua,2.5,1.5,1,2,,,
433b97b7-6396-44d9-b737-87d9ff601731,55084566-229b-4d78-918a-9d1aa3110067,2024-03-24T03:40:00.000Z,2024-03-27T05:16:01.000Z,mihir.au.jadhav@gmail.com,Ker / Capparis decidua 3 5,Ker / Capparis decidua,3,1.4,1,3,,,
b08dc054-7c54-4eb2-93d7-e24ce6143242,0ac00d77-d18e-4e6b-8548-4ce8bcba8b49,2024-03-24T03:22:43.000Z,2024-03-27T05:15:36.000Z,mihir.au.jadhav@gmail.com,Ker / Capparis decidua 2.5 5,Ker / Capparis decidua,2.5,1.4,1,2,,,
b08dc054-7c54-4eb2-93d7-e24ce6143242,f3a45216-53f0-4847-b0b5-879db70b45db,2024-03-24T03:21:52.000Z,2024-03-27T05:15:34.000Z,mihir.au.jadhav@gmail.com,Ber / Ziziphus nummularia 3 5,Ber / Ziziphus nummularia,3,1.7,1,3,,,
b08dc054-7c54-4eb2-93d7-e24ce6143242,d6025b48-5fd8-4ee0-9b0e-b45a4aa3a4bb,2024-03-24T03:21:07.000Z,2024-03-27T05:15:32.000Z,mihir.au.jadhav@gmail.com,Ber / Ziziphus nummularia 3.5 6,Ber / Ziziphus nummularia,3.5,2.3,1.5,1,,,
25b385ff-7b32-4536-9b6c-8351c3a60cdb,2f1a7029-397e-43e8-b30f-d25d6614dcf7,2024-03-24T03:08:13.000Z,2024-03-27T05:15:20.000Z,mihir.au.jadhav@gmail.com,Ker / Capparis decidua 3 6,Ker / Capparis decidua,3,1.8,1,3,,,
1fb4ffa7-fe35-43bb-a516-a0d67b742c33,c8ec51d0-ba78-492e-b3d1-81c67afc4826,2024-03-24T02:50:37.000Z,2024-03-27T05:15:05.000Z,mihir.au.jadhav@gmail.com,Ker / Capparis decidua 2 5,Ker / Capparis decidua,2,1.4,1,2,,,
1fb4ffa7-fe35-43bb-a516-a0d67b742c33,aec050d6-e871-4809-9a43-daac9fa57717,2024-03-24T02:49:50.000Z,2024-03-27T05:15:03.000Z,mihir.au.jadhav@gmail.com,Ber / Ziziphus nummularia 3 4.5,Ber / Ziziphus nummularia,3,1.4,1,1,,,
05d80dfa-5e17-4322-ac02-3dbc1eccbc89,b1eec54f-eff5-40e3-b5f2-eaaf78a7970c,2024-03-24T02:35:03.000Z,2024-03-27T05:14:45.000Z,mihir.au.jadhav@gmail.com,Ker / Capparis decidua 3 5,Ker / Capparis decidua,3,1.2,1,2,,,
9e857d6f-dc25-4c84-9a82-671f85400996,9bb342b9-e6e4-4205-aefc-65d1ab69ef55,2024-03-24T02:11:01.000Z,2024-03-27T05:14:20.000Z,mihir.au.jadhav@gmail.com,Ker / Capparis decidua 3 5,Ker / Capparis decidua,3,1.5,1.5,1,,,
36c8b0da-b5e4-4916-82a6-ed374a1b48d9,86d0bc3d-79f2-44f9-9b36-3ad5ae8d5960,2024-03-23T12:57:17.000Z,2024-03-23T17:28:19.000Z,mihir.au.jadhav@gmail.com,Ber / Ziziphus nummularia 3 5,Ber / Ziziphus nummularia,3,1.6,1.5,4,,,
36c8b0da-b5e4-4916-82a6-ed374a1b48d9,41512315-7d0c-4959-a467-d3d780f97d86,2024-03-23T12:56:22.000Z,2024-03-23T17:28:17.000Z,mihir.au.jadhav@gmail.com,Ker / Capparis decidua 2.5 5,Ker / Capparis decidua,2.5,1,1,8,,,
c46f7868-f4e8-419d-ae08-52b161eaeda7,964ed19f-f04d-4b50-a495-971d2074c818,2024-03-23T12:46:16.000Z,2024-03-23T17:27:53.000Z,mihir.au.jadhav@gmail.com,Ker / Capparis decidua 3 4.5,Ker / Capparis decidua,3,2.3,1.5,2,,,
c46f7868-f4e8-419d-ae08-52b161eaeda7,5716c2f2-ad4f-421a-83fe-3d4e1d8398e2,2024-03-23T12:45:35.000Z,2024-03-23T17:27:52.000Z,mihir.au.jadhav@gmail.com,Ber / Ziziphus nummularia 3 6,Ber / Ziziphus nummularia,3,1.3,1,6,,,
db3a1850-4007-4ed6-b5c1-39ad7b88acec,2b413652-68ed-4d63-b66a-9fe6b2da4977,2024-03-23T12:37:17.000Z,2024-03-23T17:27:35.000Z,mihir.au.jadhav@gmail.com,Ker / Capparis decidua 3 5,Ker / Capparis decidua,3,1.6,1.5,2,,,
6417b9ae-61ac-4fc1-81cd-3e88b8dab238,fad1f9b0-7c90-4eda-9635-16f206abf468,2024-03-23T12:21:52.000Z,2024-03-23T17:27:19.000Z,mihir.au.jadhav@gmail.com,Ker / Capparis decidua 2.5 4,Ker / Capparis decidua,2.5,0.9,1.5,5,,,
b9c8f4c5-7685-4866-8a62-1354f164d58f,0cc544b7-c683-49a4-97e2-bf7461beaa0c,2024-03-23T11:37:33.000Z,2024-03-23T17:26:36.000Z,mihir.au.jadhav@gmail.com,Ker / Capparis decidua 3 5,Ker / Capparis decidua,3,2.4,1.2,4,,,
b9c8f4c5-7685-4866-8a62-1354f164d58f,830a7a58-ec5b-47c1-a39a-9850340c4e02,2024-03-23T11:36:28.000Z,2024-03-23T17:26:35.000Z,mihir.au.jadhav@gmail.com,Ber / Ziziphus nummularia 2.5 3,Ber / Ziziphus nummularia,2.5,1.5,1.5,1,,,
d35f752d-8fd3-476b-959a-166d03467f77,261bf545-3b09-4380-bea8-7260e886828f,2024-03-23T11:22:54.000Z,2024-03-23T17:26:22.000Z,mihir.au.jadhav@gmail.com,Ker / Capparis decidua 3 5,Ker / Capparis decidua,3,1.8,1.5,5,,,
a10ed786-06c0-48d0-88b2-b77237bd778a,ebbd9de6-7373-49a4-bbaa-82a1fc9f2440,2024-03-23T03:53:00.000Z,2024-03-23T17:26:07.000Z,mihir.au.jadhav@gmail.com,Ker / Capparis decidua 2.5 4.5,Ker / Capparis decidua,2.5,1.5,1.5,2,,,
56550e35-4ebc-4810-9145-99f75e383911,854bcf72-1bf8-4b63-8e65-f8185712396a,2024-03-23T03:35:00.000Z,2024-03-23T17:25:55.000Z,mihir.au.jadhav@gmail.com,Ber / Ziziphus nummularia 3 6,Ber / Ziziphus nummularia,3,1.5,1.5,1,,,
56550e35-4ebc-4810-9145-99f75e383911,86882d2b-8c50-4092-b2f0-15548508e2dc,2024-03-23T03:34:22.000Z,2024-03-23T17:25:54.000Z,mihir.au.jadhav@gmail.com,Ker / Capparis decidua 3 5,Ker / Capparis decidua,3,2,1.5,1,,,
9ac67640-dd70-49b2-9bd2-b8dd7b4ce9e0,dff98609-3bee-49f9-b899-da34ffce3c3d,2024-03-23T03:21:43.000Z,2024-03-23T17:25:41.000Z,mihir.au.jadhav@gmail.com,Ker / Capparis decidua 3 5,Ker / Capparis decidua,3,2.1,1,3,,,
1f7c0629-1b30-435e-999f-4728c7252fe2,e296301f-230c-4f72-9e4a-133870fe2b0f,2024-03-23T03:09:20.000Z,2024-03-23T17:25:30.000Z,mihir.au.jadhav@gmail.com,Ker / Capparis decidua 3 7,Ker / Capparis decidua,3,2.5,1,1,,,
dd7773ac-c6a5-4039-82a5-bccc3310e231,67c607dc-d3f9-4315-9fad-6f123ac99f00,2024-03-23T02:52:35.000Z,2024-03-23T17:25:18.000Z,mihir.au.jadhav@gmail.com,Ber / Ziziphus nummularia 2.5 4,Ber / Ziziphus nummularia,2.5,1.2,1,1,,,
dd7773ac-c6a5-4039-82a5-bccc3310e231,d8d7e25a-6833-47cc-82a0-826c69a7bf76,2024-03-23T02:52:12.000Z,2024-03-23T17:25:16.000Z,mihir.au.jadhav@gmail.com,Ker / Capparis decidua 3 5,Ker / Capparis decidua,3,1,1.5,4,,,
a5a123b5-95d4-40fd-a6a3-c735985bede2,5d949340-c65f-4a06-81fa-692aef11fd43,2024-03-23T02:35:47.000Z,2024-03-23T17:24:57.000Z,mihir.au.jadhav@gmail.com,Ker / Capparis decidua 3 4,Ker / Capparis decidua,3,1.6,1.5,2,,,
806010fe-123e-49dd-87cc-84f152100ceb,796712c2-7258-44f2-be53-f63b4b1aceee,2024-03-23T02:24:43.000Z,2024-03-23T17:24:36.000Z,mihir.au.jadhav@gmail.com,Ker / Capparis decidua 3 5,Ker / Capparis decidua,3,2,1,1,,,
806010fe-123e-49dd-87cc-84f152100ceb,c2336f4b-04bf-4564-8bec-5439b873ffe5,2024-03-23T02:20:22.000Z,2024-03-23T17:24:35.000Z,mihir.au.jadhav@gmail.com,Aakh / Calotropis procera 2.5 5,Aakh / Calotropis procera,2.5,1.7,0.5,2,,,
d3cc41bb-e01a-416d-b2a2-82ac7abc344e,69d4747d-5d1c-48c9-a954-2baef6336018,2024-03-23T02:05:08.000Z,2024-03-23T17:24:24.000Z,mihir.au.jadhav@gmail.com,Ker / Capparis decidua 2 5,Ker / Capparis decidua,2,2,1,1,,,
7139a6f3-d08b-45bc-9920-9310c338adeb,5ca9af78-be51-4bf8-9bba-5fe253be3be7,2024-03-22T13:07:37.000Z,2024-03-23T17:24:06.000Z,mihir.au.jadhav@gmail.com,Ber / Ziziphus nummularia 3 6,Ber / Ziziphus nummularia,3,2,1.5,5,,,
7139a6f3-d08b-45bc-9920-9310c338adeb,6bd51520-8bfd-4f08-a3a7-22dfeaa5233f,2024-03-22T13:07:02.000Z,2024-03-23T17:24:04.000Z,mihir.au.jadhav@gmail.com,Ker / Capparis decidua 3 4.5,Ker / Capparis decidua,3,1.8,1.5,6,,,
d208bf4b-95b2-4011-ab78-3648fef8b14c,5704b7ae-9c3e-49a9-a9a2-37f2a3c4f5fc,2024-03-22T12:52:12.000Z,2024-03-23T17:23:36.000Z,mihir.au.jadhav@gmail.com,Ber / Ziziphus nummularia 3.5 7,Ber / Ziziphus nummularia,3.5,2.2,1.5,3,,,
d208bf4b-95b2-4011-ab78-3648fef8b14c,88fd8712-e95a-43d1-b8c6-563ba762b6be,2024-03-22T12:51:45.000Z,2024-03-23T17:23:35.000Z,mihir.au.jadhav@gmail.com,Ker / Capparis decidua 3 5,Ker / Capparis decidua,3,1.4,1,6,,,
cbff1343-cc64-4d0b-8f0a-f2f31ca6c922,60f36a76-4193-48cc-a7c3-522dbf113670,2024-03-22T12:42:04.000Z,2024-03-23T17:23:20.000Z,mihir.au.jadhav@gmail.com,Ber / Ziziphus nummularia 2 4,Ber / Ziziphus nummularia,2,1.3,1,1,,,
d908894c-8e09-4a1a-8005-10a302ed5719,d108ea6f-97b2-447a-a35c-f624bfb879e2,2024-03-22T12:30:47.000Z,2024-03-23T17:23:05.000Z,mihir.au.jadhav@gmail.com,Ker / Capparis decidua 2 4,Ker / Capparis decidua,2,1.7,1,2,,,
d908894c-8e09-4a1a-8005-10a302ed5719,80902b95-0e52-4f68-be23-31186bddc3df,2024-03-22T12:29:39.000Z,2024-03-23T17:23:03.000Z,mihir.au.jadhav@gmail.com,Ber / Ziziphus nummularia 2 4.5,Ber / Ziziphus nummularia,2,1.3,1,6,,,
eb09d8ca-d2c3-4065-a233-11e3701a22a3,3900410b-8603-4670-8054-33f11a433513,2024-03-22T11:59:31.000Z,2024-03-23T17:22:47.000Z,mihir.au.jadhav@gmail.com,Ker / Capparis decidua 3 5,Ker / Capparis decidua,3,1.3,1,4,,,
eb09d8ca-d2c3-4065-a233-11e3701a22a3,62e6b6bb-3548-495c-bbcb-dcb3656bc117,2024-03-22T11:59:07.000Z,2024-03-23T17:22:46.000Z,mihir.au.jadhav@gmail.com,Ber / Ziziphus nummularia 3 5,Ber / Ziziphus nummularia,3,1.5,1.5,7,,,
a8981751-b0ef-4114-bf40-d685d720b0b0,69edd18c-8dc7-4f30-9d36-0f19add7e3c4,2024-03-22T11:45:43.000Z,2024-03-23T17:22:30.000Z,mihir.au.jadhav@gmail.com,Ber / Ziziphus nummularia 3 5,Ber / Ziziphus nummularia,3,2,1,12,,,
a8981751-b0ef-4114-bf40-d685d720b0b0,32769be3-abe6-42b1-9c86-ca4d5464a97e,2024-03-22T11:45:17.000Z,2024-03-23T17:22:28.000Z,mihir.au.jadhav@gmail.com,Ber / Ziziphus nummularia 4.5 10,Ber / Ziziphus nummularia,4.5,3,1.6,2,,,
a4ef3ffe-c34a-47d5-980d-651801d80532,aa29c860-d9a5-4854-9223-3930263f0a46,2024-03-22T11:32:05.000Z,2024-03-23T17:22:13.000Z,mihir.au.jadhav@gmail.com,Ker / Capparis decidua 2 5,Ker / Capparis decidua,2,1.8,1,2,,,
a4ef3ffe-c34a-47d5-980d-651801d80532,35d85e54-e4f2-4e99-b7bf-f1a5fa5c43ee,2024-03-22T11:31:40.000Z,2024-03-23T17:22:11.000Z,mihir.au.jadhav@gmail.com,Salvadora oleoides / Jaad / Pilu / Jaal 3 6,Salvadora oleoides / Jaad / Pilu / Jaal,3,2,1.5,1,,,
a4ef3ffe-c34a-47d5-980d-651801d80532,7144e9ec-de60-4407-af9a-481d7e5a31a3,2024-03-22T11:31:11.000Z,2024-03-23T17:22:10.000Z,mihir.au.jadhav@gmail.com,Ber / Ziziphus nummularia 3 8,Ber / Ziziphus nummularia,3,1.8,1,15,,,
1580f4a4-fc00-4871-9b95-7af56dfc4b87,97c6014c-1f56-40b0-be17-cb0ae4370821,2024-03-22T11:17:23.000Z,2024-03-23T17:21:54.000Z,mihir.au.jadhav@gmail.com,Ber / Ziziphus nummularia 3 8,Ber / Ziziphus nummularia,3,8,1.5,3,,,
1580f4a4-fc00-4871-9b95-7af56dfc4b87,24864a79-6ec3-4b21-a855-565ea9a051e5,2024-03-22T11:16:51.000Z,2024-03-23T17:21:52.000Z,mihir.au.jadhav@gmail.com,Ber / Ziziphus nummularia 3 10,Ber / Ziziphus nummularia,3,2.2,1.5,6,,,
1580f4a4-fc00-4871-9b95-7af56dfc4b87,f88757e6-65a1-43be-b885-8e0ddb19c043,2024-03-22T11:15:50.000Z,2024-03-23T17:21:51.000Z,mihir.au.jadhav@gmail.com,Ker / Capparis decidua 3 5,Ker / Capparis decidua,3,0.9,1,12,,,
871cc319-74b7-475d-be4a-a0c7968793f2,ae3d8194-cd1a-43c6-91ec-fc1c4b9f3917,2024-03-22T03:54:30.000Z,2024-03-22T04:59:24.000Z,mihir.au.jadhav@gmail.com,Ker / Capparis decidua 2 4,Ker / Capparis decidua,2,1.4,1,3,,,
5e445626-2fbb-4b44-ba83-d9c076344df8,bb6e600d-7563-4146-90d1-06c2bc9336ab,2024-03-22T03:46:30.000Z,2024-03-22T04:59:07.000Z,mihir.au.jadhav@gmail.com,Ker / Capparis decidua 2 3.5,Ker / Capparis decidua,2,1.4,1,20,,,
12919e77-7da1-4fed-bf74-d75e573617da,cb9ae28f-7a89-431f-a102-648a68a58650,2024-03-22T03:37:13.000Z,2024-03-22T04:58:52.000Z,mihir.au.jadhav@gmail.com,Ker / Capparis decidua 3 4,Ker / Capparis decidua,3,1.7,1,3,,,
be601396-0170-41c7-bb51-d4b55894b508,e7f91361-975d-43fe-9974-60a5a9001d80,2024-03-22T03:26:31.000Z,2024-03-22T04:58:34.000Z,mihir.au.jadhav@gmail.com,Ker / Capparis decidua 3 5,Ker / Capparis decidua,3,2.1,1,5,,,
85f5b8e5-65be-4bd8-a62b-f2d3fa078183,2b940253-e72b-4ea3-9d06-c88a75d6ad2d,2024-03-22T03:07:01.000Z,2024-03-22T04:58:13.000Z,mihir.au.jadhav@gmail.com,Ber / Ziziphus nummularia 2 3.5,Ber / Ziziphus nummularia,2,1.3,1,1,,,
85f5b8e5-65be-4bd8-a62b-f2d3fa078183,109e1c54-add0-4398-b7a4-08ca2f97b917,2024-03-22T03:06:39.000Z,2024-03-22T04:58:11.000Z,mihir.au.jadhav@gmail.com,Ker / Capparis decidua 2.5 3,Ker / Capparis decidua,2.5,2.1,1,10,,,
65641b77-d1b4-4ee4-b155-f0cd244a67b3,c5e7b13d-bb4a-491d-ac32-b80facb361e8,2024-03-22T02:45:43.000Z,2024-03-22T04:57:51.000Z,mihir.au.jadhav@gmail.com,Ker / Capparis decidua 2 4,Ker / Capparis decidua,2,1.2,1.5,1,,,
65641b77-d1b4-4ee4-b155-f0cd244a67b3,ffb6abab-782f-4dff-a1af-b23b36bf64c4,2024-03-22T02:45:09.000Z,2024-03-22T04:57:49.000Z,mihir.au.jadhav@gmail.com,Ber / Ziziphus nummularia 2 3,Ber / Ziziphus nummularia,2,1.7,1,1,,,
5dbe9637-4a47-4ec6-8a62-01366945b474,f011f891-02d0-4f7b-9509-4b94ba1c4da2,2024-03-22T02:19:57.000Z,2024-03-22T04:57:17.000Z,mihir.au.jadhav@gmail.com,Ber / Ziziphus nummularia 2 4,Ber / Ziziphus nummularia,2,2,1,1,,,
5dbe9637-4a47-4ec6-8a62-01366945b474,7d8a472d-74e1-4554-b197-4eecfd9f558c,2024-03-22T02:16:11.000Z,2024-03-22T04:57:15.000Z,mihir.au.jadhav@gmail.com,Ker / Capparis decidua 3 5,Ker / Capparis decidua,3,2,1,2,,,
6b8976cd-e20c-49ac-a9fe-66e7cd8f2d91,07f62087-280b-4f7f-b2bf-a2b1a220c9a5,2024-03-21T13:25:01.000Z,2024-03-21T18:32:23.000Z,mihir.au.jadhav@gmail.com,Ker / Capparis decidua 3 4.5,Ker / Capparis decidua,3,1.8,1,3,,,
203bfe88-6792-4821-8f50-df0bb7b72fae,9fe4e7a5-b8a6-413e-82bd-b548395db089,2024-03-21T13:10:09.000Z,2024-03-21T18:32:01.000Z,mihir.au.jadhav@gmail.com,Ber / Ziziphus nummularia 2.5 4,Ber / Ziziphus nummularia,2.5,1.3,1,1,,,
203bfe88-6792-4821-8f50-df0bb7b72fae,fc39579f-dd30-4d5f-917d-b5bdf6944187,2024-03-21T13:09:28.000Z,2024-03-21T18:31:59.000Z,mihir.au.jadhav@gmail.com,Ker / Capparis decidua 3 6,Ker / Capparis decidua,3,2,1,4,,,
563df18c-4017-4d40-9268-0dbe8ed13dc2,242eb62b-81f1-44d9-b1f9-36671165068e,2024-03-21T12:56:01.000Z,2024-03-21T18:31:40.000Z,mihir.au.jadhav@gmail.com,Ber / Ziziphus nummularia 2 4.5,Ber / Ziziphus nummularia,2,2,1,1,,,
21832309-3f72-4b11-845a-927edbdcf8ce,e3c9fe81-6912-4638-89c2-68d022902623,2024-03-21T12:41:46.000Z,2024-03-21T18:31:20.000Z,mihir.au.jadhav@gmail.com,Ker / Capparis decidua 2.5 4,Ker / Capparis decidua,2.5,1.8,1,6,,,
b967fdf9-6eb1-422a-ad3d-d36af6e5dca5,2b15d67a-d126-47f8-8867-1df8d5da09ee,2024-03-21T12:26:26.000Z,2024-03-21T18:31:04.000Z,mihir.au.jadhav@gmail.com,Ker / Capparis decidua 3 4,Ker / Capparis decidua,3,2,1,3,,,
b967fdf9-6eb1-422a-ad3d-d36af6e5dca5,ab3312b3-cf05-4b63-a452-bf620fe3059a,2024-03-21T12:25:19.000Z,2024-03-21T18:31:02.000Z,mihir.au.jadhav@gmail.com,Khejri / Prosopis cineraria 8 12,Khejri / Prosopis cineraria,8,1.5,4,1,,,
b967fdf9-6eb1-422a-ad3d-d36af6e5dca5,0d549cbd-7bba-4373-8d57-a19f81ae8c22,2024-03-21T12:21:55.000Z,2024-03-21T18:31:00.000Z,mihir.au.jadhav@gmail.com,Ber / Ziziphus nummularia 2 3.5,Ber / Ziziphus nummularia,2,1.6,1,1,,,
b78f084b-9f84-4d71-abea-5758cefb12b7,8fb1d901-9273-456f-92fc-723ef3f4cef7,2024-03-21T12:01:49.000Z,2024-03-21T18:30:40.000Z,mihir.au.jadhav@gmail.com,Ker / Capparis decidua 3 4,Ker / Capparis decidua,3,1.7,0.6,1,,,
aa46fb40-ad1f-40f6-b66d-dfeb2c8163db,872485b3-2c49-491e-a385-69aca42c58bd,2024-03-21T11:45:01.000Z,2024-03-21T18:30:16.000Z,mihir.au.jadhav@gmail.com,Ker / Capparis decidua 2 3.5,Ker / Capparis decidua,2,1.2,0.5,2,,,
9e6f0e61-b8dd-4b33-82b7-7f29c4117e4c,2ec978e3-8fc6-4e0d-ae37-450894736ba2,2024-03-21T11:25:35.000Z,2024-03-21T18:29:52.000Z,mihir.au.jadhav@gmail.com,Ker / Capparis decidua 3.5 5,Ker / Capparis decidua,3.5,1.3,1.2,3,,,
6dc87f1a-0e41-4c76-887f-26978373a55a,27841a63-23ff-4f7d-b6ab-63143c5b4015,2024-03-21T03:53:21.000Z,2024-03-21T18:28:35.000Z,mihir.au.jadhav@gmail.com,Ker / Capparis decidua 3.5 4.5,Ker / Capparis decidua,3.5,1.8,1,3,,,
21149a6a-c2b6-436e-aebe-aac376b50970,41dc6b7c-5a32-4bd6-922e-d208c9e64f7e,2024-03-21T03:37:10.000Z,2024-03-21T18:28:20.000Z,mihir.au.jadhav@gmail.com,Ker / Capparis decidua 3 4.5,Ker / Capparis decidua,3,1.5,1,3,,,
670a94e6-b0e9-4419-a642-a5c2b5ad9b1e,1bb2247d-23ea-4ae6-890a-1d024c19453f,2024-03-21T03:24:03.000Z,2024-03-21T18:28:05.000Z,mihir.au.jadhav@gmail.com,Ker / Capparis decidua 3 5,Ker / Capparis decidua,3,2.5,1,3,,,
8b21962d-a824-4f0c-9f09-913133a18aef,34b7d857-80a5-43d1-b488-39ddf7b367c9,2024-03-21T03:06:38.000Z,2024-03-21T18:27:51.000Z,mihir.au.jadhav@gmail.com,Ker / Capparis decidua 3 4.5,Ker / Capparis decidua,3,1.4,0.8,2,,,
6a43a8f0-e54d-4064-8d60-b6ec079ab5ac,985b48cc-0c1b-4621-850a-e34a909f7108,2024-03-21T02:49:30.000Z,2024-03-21T18:27:38.000Z,mihir.au.jadhav@gmail.com,Ker / Capparis decidua 3.5 5.5,Ker / Capparis decidua,3.5,2,0.6,5,,,
2bc6a7a5-e811-4dec-81c5-f1cf80f08053,71762108-6ef1-4b3b-94bd-d002557c2dd8,2024-03-21T02:35:17.000Z,2024-03-21T18:27:21.000Z,mihir.au.jadhav@gmail.com,Ker / Capparis decidua 2.5 4,Ker / Capparis decidua,2.5,1.5,0.6,7,,,
41a14518-e1bd-425d-9ee5-16d8746734f0,09113e6b-f574-4385-95e8-92037d867bb9,2024-03-21T02:17:10.000Z,2024-03-21T18:27:07.000Z,mihir.au.jadhav@gmail.com,Ker / Capparis decidua 3.5 4.5,Ker / Capparis decidua,3.5,1.2,1,2,,,
41a14518-e1bd-425d-9ee5-16d8746734f0,c553ebf1-c5ee-4bbb-8c06-f97e9e910f3f,2024-03-21T02:15:46.000Z,2024-03-21T18:27:05.000Z,mihir.au.jadhav@gmail.com,Ker / Capparis decidua 3.5 4,Ker / Capparis decidua,3.5,1.4,1.6,1,,,
bcaccb44-9403-41e9-8354-5664f852844a,5dabeec5-9e06-4107-8cd7-4fe2499b60d5,2024-03-21T02:00:29.000Z,2024-03-21T18:26:52.000Z,mihir.au.jadhav@gmail.com,Ker / Capparis decidua 3 3.5,Ker / Capparis decidua,3,1,1.5,1,,,
d845e80f-1d45-4552-9dc2-0eef1852582c,3a600477-a642-43c8-8b64-7fb65eba2e7d,2024-03-20T13:15:44.000Z,2024-03-20T16:05:47.000Z,mihir.au.jadhav@gmail.com,Ker / Capparis decidua 2.5 4.5,Ker / Capparis decidua,2.5,1.3,0.8,3,,,
d845e80f-1d45-4552-9dc2-0eef1852582c,27a708ed-111d-43a6-bec0-94b38b4d151d,2024-03-20T13:15:17.000Z,2024-03-20T16:05:45.000Z,mihir.au.jadhav@gmail.com,Ker / Capparis decidua 4 4,Ker / Capparis decidua,4,1.3,1.2,2,,,
815bd405-3848-451a-b839-4e435311738f,487daa3b-bf9b-43d0-ae84-b3f394cd2aa3,2024-03-20T12:59:39.000Z,2024-03-20T16:05:25.000Z,mihir.au.jadhav@gmail.com,Ker / Capparis decidua 3 5.5,Ker / Capparis decidua,3,1.7,1,5,,,
958c5684-8bf4-4202-ad51-f1c2e15b331d,d03eeea1-c8bc-41a6-9f3e-aa3d4b7b9dfe,2024-03-20T12:47:58.000Z,2024-03-20T16:05:11.000Z,mihir.au.jadhav@gmail.com,Ker / Capparis decidua 3.5 6,Ker / Capparis decidua,3.5,2,0.8,5,,,
958c5684-8bf4-4202-ad51-f1c2e15b331d,1e8a197b-65a9-48f6-8cf9-ba03d3d1c03e,2024-03-20T12:47:13.000Z,2024-03-20T16:05:10.000Z,mihir.au.jadhav@gmail.com,Ker / Capparis decidua 2.5 4,Ker / Capparis decidua,2.5,1.5,0.6,2,,,
504d38ca-e8b8-44fe-b328-d0a262f02880,5721a37e-891a-4abb-9621-8fdc012ef10a,2024-03-20T12:35:24.000Z,2024-03-20T16:04:55.000Z,mihir.au.jadhav@gmail.com,Ker / Capparis decidua 3 5,Ker / Capparis decidua,3,2,1,6,,,
c3c95020-c7e7-4dad-9c83-e5eb815434b1,44961416-d6de-4564-8f13-6a26b7782ae2,2024-03-20T12:17:18.000Z,2024-03-20T16:04:40.000Z,mihir.au.jadhav@gmail.com,Ker / Capparis decidua 2 3,Ker / Capparis decidua,2,1.2,0.8,1,,,
c3c95020-c7e7-4dad-9c83-e5eb815434b1,81099822-dc06-4767-9fbe-451a82092161,2024-03-20T12:16:44.000Z,2024-03-20T16:04:38.000Z,mihir.au.jadhav@gmail.com,Ker / Capparis decidua 2.5 3.5,Ker / Capparis decidua,2.5,1.1,0.6,2,,,
63db7d38-1b35-4619-8f46-9f4e9af03827,6d70f318-a234-4a62-82e6-9754ef60ffe8,2024-03-20T11:57:15.000Z,2024-03-20T16:04:20.000Z,mihir.au.jadhav@gmail.com,Ker / Capparis decidua 3 2.5,Ker / Capparis decidua,3,1.1,0.6,2,,,
63db7d38-1b35-4619-8f46-9f4e9af03827,399e9b84-a8b7-436c-8540-39fb86560dbb,2024-03-20T11:56:00.000Z,2024-03-20T16:04:19.000Z,mihir.au.jadhav@gmail.com,Ber / Ziziphus nummularia 2.5 2,Ber / Ziziphus nummularia,2.5,2,0.4,1,,,
2b651326-9a10-4af0-b1b9-1da5f79c608d,c9f0be48-daa1-4279-bb39-a839a0e87d88,2024-03-20T11:36:46.000Z,2024-03-20T16:04:00.000Z,mihir.au.jadhav@gmail.com,Ker / Capparis decidua 2.5 3.5,Ker / Capparis decidua,2.5,1.2,0.5,6,,,
008ff5a1-dc16-4b35-95f6-d967f3c076f9,274418cc-2007-4509-8e52-13307d97152b,2024-03-20T04:50:07.000Z,2024-03-20T08:04:23.000Z,mihir.au.jadhav@gmail.com,Ber / Ziziphus nummularia 2 3.5,Ber / Ziziphus nummularia,2,1,0.5,3,,,
008ff5a1-dc16-4b35-95f6-d967f3c076f9,0de2cbbc-f5b8-48e1-b6c8-50fc8b1688fa,2024-03-20T04:49:33.000Z,2024-03-20T08:04:21.000Z,mihir.au.jadhav@gmail.com,Ker / Capparis decidua 2 3,Ker / Capparis decidua,2,1.6,1,2,,,
4208c5e4-247e-4f0e-83e1-957960a2fb33,89764f51-421d-4295-b91a-e49d7a3c1fff,2024-03-20T04:31:19.000Z,2024-03-20T07:50:02.000Z,atharvatogattiwar@gmail.com,Ker / Capparis decidua 3 2,Ker / Capparis decidua,3,2,1,2,,,
4e30d41d-843c-48a2-bddd-155203a1f95c,df043e7a-65c7-4fed-93e9-76dc17ad5df0,2024-03-20T04:30:21.000Z,2024-03-20T08:04:05.000Z,mihir.au.jadhav@gmail.com,Ker / Capparis decidua 2 3.5,Ker / Capparis decidua,2,1.2,1,5,,,
7bd25153-d1e3-4808-9060-e0ffaa7b5cd9,c7518951-bf70-428a-a04e-38e2b1dac5f1,2024-03-20T04:18:49.000Z,2024-03-20T08:03:47.000Z,mihir.au.jadhav@gmail.com,Ker / Capparis decidua 2 3,Ker / Capparis decidua,2,1.3,1,8,,,
f0b3ad0a-659d-4491-bca7-fc77f746b9c5,0c769876-63a7-401f-b995-fef3ac37edb6,2024-03-20T04:16:37.000Z,2024-03-20T07:49:09.000Z,atharvatogattiwar@gmail.com,Ker / Capparis decidua 4 3,Ker / Capparis decidua,4,1.5,,1,,,
503ea996-7d11-403a-b9ca-e0c82c3498b5,7ea0e755-97d4-4c7d-89e9-72a32c08b2ad,2024-03-20T03:59:40.000Z,2024-03-20T08:03:30.000Z,mihir.au.jadhav@gmail.com,Acacia tortilis / Dune wala Babool / Vilayti babool 2 2.5,Acacia tortilis / Dune wala Babool / Vilayti babool,2,2.5,0.5,1,,,
503ea996-7d11-403a-b9ca-e0c82c3498b5,4a0ddc98-935f-4c36-b82d-0155bdc75cfa,2024-03-20T03:59:10.000Z,2024-03-20T08:03:28.000Z,mihir.au.jadhav@gmail.com,Ber / Ziziphus nummularia 2 3.5,Ber / Ziziphus nummularia,2,1.3,0.5,2,,,
503ea996-7d11-403a-b9ca-e0c82c3498b5,1605ecab-8d83-476e-bc82-a3d2b8fa493b,2024-03-20T03:58:34.000Z,2024-03-20T08:03:27.000Z,mihir.au.jadhav@gmail.com,Ker / Capparis decidua 2 3,Ker / Capparis decidua,2,3,1,4,,,
b56480c6-c4e9-4878-8e83-9020347dad0e,b6d82541-2647-4055-bbe8-17917786ae1a,2024-03-20T03:58:32.000Z,2024-03-20T07:49:25.000Z,atharvatogattiwar@gmail.com,Ker / Capparis decidua 4 2,Ker / Capparis decidua,4,2,1,2,,,
2c710d88-f058-479d-9af8-b5933f8af8ea,11b46bca-b2c8-48a0-958f-87fee65bb7a2,2024-03-20T03:41:45.000Z,2024-03-20T07:49:48.000Z,atharvatogattiwar@gmail.com,Ker / Capparis decidua 4 2,Ker / Capparis decidua,4,2,1,3,,,
9247f61a-5e56-4192-90c0-8b130dd91fb3,e7eb55e0-047f-4964-a0ac-c746efa33627,2024-03-20T03:41:22.000Z,2024-03-20T08:03:03.000Z,mihir.au.jadhav@gmail.com,Ker / Capparis decidua 2.5 3,Ker / Capparis decidua,2.5,1.4,1,5,,,
ea848161-51c1-4f04-9e01-6dfb8414ff40,656b2597-b856-4b71-a52c-ac6b748a6cc4,2024-03-20T03:27:25.000Z,2024-03-20T08:02:44.000Z,mihir.au.jadhav@gmail.com,Ker / Capparis decidua 2 3,Ker / Capparis decidua,2,1.2,1,3,,,
1d88c4ef-c9e2-4aa6-bd3f-4e6a9e7ac955,056869c4-fe1a-44e5-b009-88d1f381e981,2024-03-20T03:24:38.000Z,2024-03-20T07:51:30.000Z,atharvatogattiwar@gmail.com,Ker / Capparis decidua 5 2,Ker / Capparis decidua,5,1.1,1,7,,,
914b7284-b3e5-4019-a05b-e8a783a08b58,d5245975-e39c-4a79-835d-090fb7af5f42,2024-03-20T03:12:51.000Z,2024-03-20T08:02:24.000Z,mihir.au.jadhav@gmail.com,Acacia tortilis / Dune wala Babool / Vilayti babool 2 2.5,Acacia tortilis / Dune wala Babool / Vilayti babool,2,1.2,1,1,,,
914b7284-b3e5-4019-a05b-e8a783a08b58,d4a24668-042c-4889-ac51-f23b20e4980a,2024-03-20T03:12:21.000Z,2024-03-20T08:02:23.000Z,mihir.au.jadhav@gmail.com,Ber / Ziziphus nummularia 2 3,Ber / Ziziphus nummularia,2,1,1,1,,,
914b7284-b3e5-4019-a05b-e8a783a08b58,9de87d60-f0ba-4a2e-8c24-ccd5f5b18946,2024-03-20T03:11:49.000Z,2024-03-20T08:02:21.000Z,mihir.au.jadhav@gmail.com,Ker / Capparis decidua 2 4,Ker / Capparis decidua,2,1,0.7,7,,,
30aff38e-fbd8-431c-a924-2673b8db3894,eae1507f-915b-40e1-9970-8cb2f2cf199b,2024-03-20T03:06:56.000Z,2024-03-20T07:51:04.000Z,atharvatogattiwar@gmail.com,Ber / Ziziphus nummularia 5 2,Ber / Ziziphus nummularia,5,1.1,1,1,,,
30aff38e-fbd8-431c-a924-2673b8db3894,a30d15bc-2cb1-4572-9269-f751bf8a5214,2024-03-20T03:06:32.000Z,2024-03-20T07:51:02.000Z,atharvatogattiwar@gmail.com,Ker / Capparis decidua 5 2,Ker / Capparis decidua,5,0.9,2,5,,,
1cc8a569-ba8e-4f84-911f-8ef3da299e54,d69d8694-b9e3-4c57-9ed9-46c5b988317b,2024-03-20T02:58:33.000Z,2024-03-20T08:02:07.000Z,mihir.au.jadhav@gmail.com,Ker / Capparis decidua 2 2.5,Ker / Capparis decidua,2,0.9,0.5,1,,,
1f89e510-9527-4d50-a874-d280e4a239df,1c0839b7-1336-43af-b7f3-0de37d551e85,2024-03-20T02:47:33.000Z,2024-03-20T07:50:39.000Z,atharvatogattiwar@gmail.com,Ker / Capparis decidua 4 2,Ker / Capparis decidua,4,0.8,1.5,7,,,
f474c2ca-d3b5-421c-a16b-569a81a55c9b,16088983-0635-49b7-9cf0-de50291d8786,2024-03-20T02:44:55.000Z,2024-03-20T08:01:50.000Z,mihir.au.jadhav@gmail.com,Ker / Capparis decidua 2.5 4,Ker / Capparis decidua,2.5,1.3,1,6,,,
e124330f-f173-4557-86ed-0aa2bd9efca3,59c796b3-9b5c-415a-8f08-052922163a18,2024-03-20T02:30:11.000Z,2024-03-20T07:50:20.000Z,atharvatogattiwar@gmail.com,Ker / Capparis decidua 5 2,Ker / Capparis decidua,5,2,2,4,,,
70e184ee-3b44-4242-a7e2-7ac3eca3f141,0d70fa96-ff17-4f61-bf94-cbdfd50ad690,2024-03-19T13:22:55.000Z,2024-03-20T08:01:01.000Z,mihir.au.jadhav@gmail.com,Ker / Capparis decidua 3 4.5,Ker / Capparis decidua,3,2.4,0.5,6,,,
ea8c9474-0f38-49d0-954a-5fe13e9fc49f,86f38632-fc94-487e-9184-9b7322413127,2024-03-19T13:07:50.000Z,2024-03-20T08:00:43.000Z,mihir.au.jadhav@gmail.com,Ker / Capparis decidua 3 5,Ker / Capparis decidua,3,1.3,0.7,4,,,
e809e5a1-5a02-49b3-8d96-72a924743bae,27e25922-63cf-4ea6-9ab5-229dd20f0c60,2024-03-19T12:53:21.000Z,2024-03-20T08:00:21.000Z,mihir.au.jadhav@gmail.com,Ker / Capparis decidua 3 4.5,Ker / Capparis decidua,3,2.1,0.5,10,,,
d21269ab-7074-4983-9664-de579c3c8677,ac518011-cba6-4af2-925b-c3163aa53579,2024-03-19T12:35:26.000Z,2024-03-20T07:59:54.000Z,mihir.au.jadhav@gmail.com,Ker / Capparis decidua 3 4,Ker / Capparis decidua,3,2.4,1,6,,,
bf0500c6-2bad-4006-8a37-213801bbe0b8,62eafb2a-e06c-45f6-bf91-9418e0e95075,2024-03-19T12:16:16.000Z,2024-03-20T07:59:30.000Z,mihir.au.jadhav@gmail.com,Ker / Capparis decidua 2.5 3,Ker / Capparis decidua,2.5,3,1,6,,,
62b9de2d-9fc8-44a9-a935-6579a23f4019,f9e758d2-e416-434e-aac8-b31f7e7d1e14,2024-03-19T11:58:22.000Z,2024-03-20T07:59:02.000Z,mihir.au.jadhav@gmail.com,Ker / Capparis decidua 3 4,Ker / Capparis decidua,3,2.3,1.2,10,,,
816a8169-0f53-4763-aecb-9db90c04aaf9,de93e651-f772-4108-a07f-8d137c731b62,2024-03-19T11:42:09.000Z,2024-03-20T07:58:39.000Z,mihir.au.jadhav@gmail.com,Ker / Capparis decidua 3 3,Ker / Capparis decidua,3,3,0.7,4,,,
79597278-9a57-47ac-9b74-6aa0d27a5676,86f3c27e-4018-4269-a151-148e8d66d01e,2024-03-19T11:28:28.000Z,2024-03-20T08:01:25.000Z,mihir.au.jadhav@gmail.com,Ker / Capparis decidua 3 4,Ker / Capparis decidua,3,2,1,5,,,
